<?xml version="1.0" encoding="UTF-8"?>
<openerp>
    <data>
        <record id="view_wkf_logs_tree" model="ir.ui.view">
            <field name="name">workflow.logs.tree</field>
            <field name="model">workflow.logs</field>
            <field name="priority" eval="8"/>
            <field name="arch" type="xml">
            <tree string="Workflow Test1">
				        <field name="uid" />
				        <field name="act_name" />
                        <field name="status" />
				        <field name="time" />
				        <field name="info" />
            </tree>
            </field>
        </record>

        <record id="view_wkf_state_groups_tree" model="ir.ui.view">
            <field name="name">workflow.state2group.tree</field>
            <field name="model">workflow.state2group</field>
            <field name="priority" eval="8"/>
            <field name="arch" type="xml">
            <tree string="Workflow Test1">
				        <field name="res_type" />
				        <field name="act_id" />
				        <field name="by_dept" />
            </tree>
            </field>
        </record>

        <record id="view_wkf_state_groups_form" model="ir.ui.view">
            <field name="name">workflow.state2group.form</field>
            <field name="model">workflow.state2group</field>
            <field name="priority" eval="8"/>
            <field name="arch" type="xml">
                <form string="Workflow Test1" version="7.0">
                    <sheet>
                        <group>
                            <field name="res_type" on_change="onchange_osv(res_type)"/>
                            <field name="wkf_id"/>
                            <field name="act_id" domain="[('wkf_id','=',wkf_id)]"/>
                            <field name="by_dept"/>
                        </group>
                        <field name="groups_id"/>
                    </sheet>
                </form>
            </field>
        </record>

        <record model="ir.actions.act_window" id="act_open_wkf_state_groups_view">
            <field name="name">state group mapping</field>
            <field name="type">ir.actions.act_window</field>
            <field name="res_model">workflow.state2group</field>
            <field name="view_type">form</field>
            <field name="view_mode">tree,form</field>
            <field name="domain">[]</field>
            <field name="context">{}</field>
        </record>

        <menuitem id="menu_wkf_state_groups"
                  parent="base.menu_workflow_root"
                  sequence="8"
                  action="act_open_wkf_state_groups_view"
                  groups="base.group_erp_manager"/>

    </data>
</openerp>
