<template>
    <t t-name="auditting_form">
        <div>
            <t t-if="type === 'workflow_no' || type === 'workflow_ok'">
                <t t-call="auditting_form.steps"></t>
                <div class="auditting_form_approver_div">
                    <t t-call="auditting_form.approvers"></t>
                </div>
            </t>

            <div class="approver_wrapper">
                <div class="oe_form_field oe_form_field_text">
                    <span class="lable">当前环节审批意见:</span><br/>
                    <textarea class="field_text oe_textbox_pft_wkl"  name="description"
                              style="margin-left:2px;margin-top:2px;width:98%;height: 102px; overflow: hidden; word-wrap: break-word; resize: vertical;"></textarea>
                </div>
            </div>
        </div>
    </t>

    <t t-name="auditting_form.steps">
        <div class="approver_wrapper">
            <t t-if="rejected">
                <span class="lable">下环节:</span>
                <select class="oe_form_field oe_form_field_select">
                    <t t-foreach="steps" t-as ="step">
                        <option t-att-value="step.signal" t-if="default_option==step.signal" selected="true">
                            <t t-raw="step.step_name"/>
                        </option>
                        <option t-att-value="step.signal" t-if="default_option!=step.signal">
                            <t t-raw="step.step_name"/>
                        </option>
                    </t>
                </select>
            </t>
        </div>
    </t>

    <t t-name="auditting_form.approvers">
        <div class="approver_wrapper">
            <span class="lable">下环节审批人:</span>
            <t t-foreach="approvers" t-as="approver">
                <span class="approver">
                    <span style="margin-right:6px;margin-left:6px; display:block;">
                        <t t-raw="approver.name"/>
                    </span>
                </span>
            </t>
        </div>
    </t>
</template>
